{
  "train_loss": [
    0.15589705375688417,
    0.06634239985474519,
    0.0557813396943467,
    0.055735571043831963,
    0.04899297894111702,
    0.04772047804934638,
    0.044983924233487675,
    0.04322232226175921,
    0.0414118766784668,
    0.040167231378810744,
    0.039407796625580103,
    0.03705034338470016,
    0.03604314622602293
  ],
  "val_loss": [
    0.06244148872792721,
    0.050442690029740334,
    0.04458177648484707,
    0.04271293990314007,
    0.04124245326966047,
    0.04044030699878931,
    0.03875019866973162,
    0.03756608068943024,
    0.03750411793589592,
    0.03524859342724085,
    0.03305349498987198,
    0.03125733323395252,
    0.03191367723047733
  ],
  "best_val_loss": 0.03125733323395252,
  "epoch": [
    1,
    2,
    3,
    4,
    5,
    6,
    7,
    8,
    9,
    10,
    11,
    12,
    13
  ]
}