{
  "train_loss": [
    0.02423768134913142,
    0.017771105424546657,
    0.01656666773101541,
    0.01441677763832428,
    0.012908155704158422,
    0.011951803206549656,
    0.015300117413769115,
    0.011847089203620228,
    0.011373010736282494,
    0.011478930872101478,
    0.010730369252049921,
    0.010440081170503601,
    0.010157870246418899,
    0.010102511481031176,
    0.009850584083760506,
    0.01003861049470043,
    0.009822495377464045,
    0.009422683728849178,
    0.009344651000577943,
    0.009185466821086079,
    0.009341728041707971,
    0.009055498601767041,
    0.008972374782680384,
    0.009202757657454718,
    0.008842838411959947,
    0.008864933123753431,
    0.008771943922301968,
    0.00890037940942039,
    0.008641513336587945,
    0.008649987537761273,
    0.00861384204784449,
    0.00851888483280339,
    0.008501722675593381,
    0.008764995628394017,
    0.00846149931350354,
    0.008360076178794733,
    0.008356615047621247,
    0.00866250071864636,
    0.00840124268965976,
    0.008281976160147529,
    0.00827480285662687,
    0.008316268019887461,
    0.008185211787332145,
    0.008260199317211956,
    0.008189264717951696,
    0.008171177122685516,
    0.00809845663276759,
    0.008429897247174077,
    0.00810546486131066,
    0.008102004967136965,
    0.008074066614685377
  ],
  "val_loss": [
    0.025537964693351043,
    0.03188315982875884,
    0.02682823983013298,
    0.029920355471312835,
    0.0169711850251494,
    0.023404840265808,
    0.039577991258052066,
    0.02133454732119539,
    0.018028844874300332,
    0.01772222206940807,
    0.014667302491999436,
    0.020432882960418806,
    0.01617120354485628,
    0.048715955295021485,
    0.01782107174728574,
    0.03381711713098052,
    0.031312466176190414,
    0.03003155014122263,
    0.023239785935055247,
    0.019604161952448424,
    0.014339758814792446,
    0.031161521268297705,
    0.030013997564325757,
    0.02289321993200062,
    0.01949717940290492,
    0.017794384849374508,
    0.019826600120550743,
    0.0228961285224449,
    0.0647439210776831,
    0.01353852116972374,
    0.06376571562089296,
    0.030860233351505235,
    0.021263771106730264,
    0.06457257466935513,
    0.04059847259587896,
    0.0299483181851654,
    0.027044004104346618,
    0.022505754563428234,
    0.012269039555325647,
    0.09499930241728892,
    0.014755943227133876,
    0.05583329545463692,
    0.03287717093477508,
    0.022814200682601888,
    0.014113297084123311,
    0.01886824078463578,
    0.02458790054124544,
    0.08160583475672104,
    0.021213434117750205,
    0.01825391298320798,
    0.026949065200424126
  ],
  "best_val_loss": 0.012269039555325647,
  "epoch": [
    1,
    2,
    3,
    4,
    5,
    6,
    7,
    8,
    9,
    10,
    11,
    12,
    13,
    14,
    15,
    16,
    17,
    18,
    19,
    20,
    21,
    22,
    23,
    24,
    25,
    26,
    27,
    28,
    29,
    30,
    31,
    32,
    33,
    34,
    35,
    36,
    37,
    38,
    39,
    40,
    41,
    42,
    43,
    44,
    45,
    46,
    47,
    48,
    49,
    50,
    51
  ]
}