{
  "train_loss": [
    0.05725902495157014,
    0.055123486960717276,
    0.054779098419490996,
    0.05325596964526699,
    0.052447636361155237,
    0.0520108461251514,
    0.051712447556783,
    0.05151009853554201,
    0.05136177423777403,
    0.051229008830348734,
    0.05113043101665531,
    0.051045002131395734,
    0.05100616486802142,
    0.05098979477800151,
    0.05090585380798286,
    0.0508531677722553,
    0.050841439328284665,
    0.05079931307573655,
    0.0507690956801433,
    0.05075776011447086,
    0.05072673259153225,
    0.05066457712768208,
    0.05061903289435873,
    0.05067716753089032,
    0.050656857761674175,
    0.050548008001817385,
    0.05052932062817654,
    0.05048431328353983,
    0.050454916404156315,
    0.05043929382297039,
    0.05044590034896487,
    0.05042120370652027,
    0.050432107238665376,
    0.05041725546095143,
    0.05040630279380508,
    0.05040522465860741,
    0.05038917151445321,
    0.05038218901048842,
    0.050353548617765684,
    0.050317580807191634,
    0.05032637832445857,
    0.05036103721040096,
    0.050394572115888485,
    0.05025736746009068,
    0.05033330043866161,
    0.050320691357511056,
    0.05045009084043998,
    0.050411921235912954
  ],
  "val_loss": [
    0.05354579930799454,
    0.053397608281318974,
    0.05228122571332854,
    0.05024078272170691,
    0.05170422700541995,
    0.05030667754063695,
    0.04921406089347236,
    0.05117510895458808,
    0.05101559896223717,
    0.05069980595819487,
    0.04849920036748858,
    0.04912459980217143,
    0.0489511478067555,
    0.05005934997771626,
    0.050710909799098335,
    0.04890646808636114,
    0.05204109124634365,
    0.0489838930126197,
    0.0491256584655477,
    0.05140638332268572,
    0.05005903177776481,
    0.04945350721306577,
    0.048076424926202066,
    0.048671051628471164,
    0.048853421912668234,
    0.04923718990534941,
    0.0485869200789463,
    0.04948706052265235,
    0.04927788352215301,
    0.04926061878491527,
    0.04942630620106407,
    0.04866690275250226,
    0.05039735711588728,
    0.04856529948239635,
    0.05125283099175452,
    0.049451271486869404,
    0.0509813227116427,
    0.04954642564481407,
    0.049622452357567404,
    0.04894642700121375,
    0.04963985009130484,
    0.049877186247148445,
    0.04860908352334413,
    0.0483454696556426,
    0.049899629749417196,
    0.049008206200737175,
    0.0489194620245309,
    0.051140465166257774
  ],
  "best_val_loss": 0.048076424926202066,
  "epoch": [
    1,
    2,
    3,
    4,
    5,
    6,
    7,
    8,
    9,
    10,
    11,
    12,
    13,
    14,
    15,
    16,
    17,
    18,
    19,
    20,
    21,
    22,
    23,
    24,
    25,
    26,
    27,
    28,
    29,
    30,
    31,
    32,
    33,
    34,
    35,
    36,
    37,
    38,
    39,
    40,
    41,
    42,
    43,
    44,
    45,
    46,
    47,
    48
  ],
  "train_loss_D": [
    293.90680043890245,
    2.018339607155084,
    0.9636903456359112,
    0.8117630804609957,
    0.7701408051232109,
    0.7511046067836349,
    0.7380576738013007,
    0.7292099234237304,
    0.7228510543503738,
    0.7179896175528794,
    0.7142094311044811,
    0.7114950834631527,
    0.7090478052032982,
    0.7073022138186587,
    0.7058737259920315,
    0.7045359293156217,
    0.703553238239743,
    0.7026480133842461,
    0.7017743181613929,
    0.7009725142652965,
    0.7002801052770607,
    0.6997308558901343,
    0.6991218434140792,
    0.6986622884812889,
    0.6982712584599425,
    0.6978227105912841,
    0.697568135578379,
    0.6971362839034146,
    0.6969647302547143,
    0.6967334063818634,
    0.6965180161774476,
    0.6963424599324873,
    0.6961707233052371,
    0.6959768690389937,
    0.6958237024708627,
    0.6956215107951889,
    0.6954496500835544,
    0.695373832310271,
    0.6951544955089375,
    0.6949871079724602,
    0.6949146333425262,
    0.6948079966346896,
    0.694733908250191,
    0.6946198950405204,
    0.6945225863159836,
    0.6944413367803406,
    0.6943173969559884,
    0.6942389716344408
  ],
  "val_loss_D": [
    0.6918914432322545,
    0.6984230687159189,
    0.6928021373109894,
    0.6902136998358509,
    0.6893026148098808,
    0.688862569213654,
    0.6885671290868981,
    0.6884521737284859,
    0.6883832562149576,
    0.6883291935328371,
    0.6882919792908954,
    0.6882565297060766,
    0.6882433860092535,
    0.6882272258519915,
    0.6882232937965123,
    0.6882129308388312,
    0.6882041542532176,
    0.688203080311854,
    0.6881931317836284,
    0.6881904561855989,
    0.6881831513111213,
    0.6881813749128881,
    0.688178788695382,
    0.6881750731100101,
    0.6881729792786998,
    0.6881698690480432,
    0.688167583075052,
    0.6881667495620071,
    0.6881658642717241,
    0.6881661441544039,
    0.68816645661602,
    0.688167400082975,
    0.6881631061685963,
    0.6881642896407668,
    0.6881595134417781,
    0.6881618734578062,
    0.688162221936071,
    0.6881618575385533,
    0.6881636932769918,
    0.6881607713800886,
    0.688162776095315,
    0.68815962609297,
    0.6881611239307204,
    0.6881634834178698,
    0.6881639323831134,
    0.6881679430299875,
    0.6881661508182773,
    0.6881591045655502
  ]
}