{
  "train_loss": [
    0.2365368991249845,
    0.08083270258693735,
    0.04694549856750512,
    0.03785866074098498,
    0.03454149652557539,
    0.025718472022269977,
    0.032536437174089286,
    0.02212267904783662,
    0.02326220908674017,
    0.024225511391980863,
    0.018302711042649404,
    0.019037217550624076,
    0.01868979947301108,
    0.01695003593915865,
    0.0165762250918016,
    0.015675357546458366,
    0.014763661703219562,
    0.013791196110620114,
    0.014491595031642353,
    0.014894254493663342,
    0.01247373963008353,
    0.013620191755063902,
    0.013042470976827616,
    0.012796354330589883,
    0.011858438825288222,
    0.011301516499292386,
    0.011247119791423416,
    0.011450487779748124,
    0.010834063111875694,
    0.011202092362141283,
    0.010523144448101417,
    0.011315675652006862,
    0.0105110945081414,
    0.010696044507742317,
    0.01052953096365741,
    0.009681489975759577,
    0.009181629658911278,
    0.010343661979742826,
    0.009748419759052314,
    0.009264394070538508,
    0.009656900566952112,
    0.009350195719076164,
    0.009182220189666971,
    0.00917888808286136,
    0.00878828238037364,
    0.00870082789498254,
    0.008937620713049602,
    0.008542582209369754,
    0.008288166154437317,
    0.008381579415564604,
    0.008261602207028703,
    0.008584888301097115,
    0.008214184885145632,
    0.007977556814060979,
    0.008375207719461002,
    0.008550607348484536,
    0.007790624688447395,
    0.008090133278151094,
    0.008499986019058634,
    0.007612673972479794,
    0.00801770747327437,
    0.007488792987010301,
    0.008106742673559094,
    0.00791383913685499,
    0.007442463196369742,
    0.00766679806916519
  ],
  "val_loss": [
    0.11225237903862278,
    0.04618755590123926,
    0.03659095962773126,
    0.03123319116589668,
    0.08094567668294757,
    0.025901234774230293,
    0.027884775186398567,
    0.020648472335365986,
    0.04463593398083344,
    0.01884325193682255,
    0.0161405664104657,
    0.04084383821618175,
    0.018732308884849124,
    0.10322464482656428,
    0.014311477300337409,
    0.024135442904629913,
    0.036172564663537736,
    0.013223518878818181,
    0.014697944337805646,
    0.012075755806785066,
    0.013322531111722598,
    0.018684196953264825,
    0.06312801133099331,
    0.01603813171464545,
    0.014279705778407686,
    0.017512186944048883,
    0.018171044214418505,
    0.030220502386943626,
    0.010908419934353042,
    0.1965259522832619,
    0.014471051748842001,
    0.09545466082798405,
    0.012037168606832977,
    0.012098307197934281,
    0.033053910453131934,
    0.023748533960437003,
    0.008693354840527877,
    0.014603830424518762,
    0.009724378532634057,
    0.012988282998629475,
    0.011892278523710985,
    0.0215403071506089,
    0.021250788515438858,
    0.02502552087711881,
    0.014040097297223747,
    0.011378562592182692,
    0.01389103269977573,
    0.11214968332408572,
    0.007814359420217822,
    0.012122182421967345,
    0.01992419271141,
    0.010040420175965844,
    0.010883712585922072,
    0.018540941356502288,
    0.244771921944942,
    0.035522515436733,
    0.027688963984691832,
    0.005835065134012329,
    0.01930150679574662,
    0.00743200732323712,
    0.008483096110520361,
    0.012548728487363558,
    0.03178636051200766,
    0.006810843820351599,
    0.013512930750599115,
    0.007245677459594589
  ],
  "best_val_loss": 0.005835065134012329,
  "epoch": [
    1,
    2,
    3,
    4,
    5,
    6,
    7,
    8,
    9,
    10,
    11,
    12,
    13,
    14,
    15,
    16,
    17,
    18,
    19,
    20,
    21,
    22,
    23,
    24,
    25,
    26,
    27,
    28,
    29,
    30,
    31,
    32,
    33,
    34,
    35,
    36,
    37,
    38,
    39,
    40,
    41,
    42,
    43,
    44,
    45,
    46,
    47,
    48,
    49,
    50,
    51,
    52,
    53,
    54,
    55,
    56,
    57,
    58,
    59,
    60,
    61,
    62,
    63,
    64,
    65,
    66
  ]
}